{
  "Timur Sorokin_D2": {
    "user": "Timur Sorokin",
    "group": "D2",
    "final_score": 2.3031079542483663,
    "seg_fault": true,
    "datetime": 1679327992399,
    "mapa_30": 4.123223568627451,
    "mapa_50": 3.5030588235294116,
    "mapa_75": -0.7169585294117647
  },
  "Ines Jimenez_D1": {
    "user": "Ines Jimenez",
    "group": "D1",
    "final_score": 0.49628169150326795,
    "seg_fault": false,
    "datetime": 1679323774195,
    "mapa_30": 0.31912840784313723,
    "mapa_50": 0.8265882352941177,
    "mapa_75": 0.343128431372549
  },
  "Alejandro Machuca_A2": {
    "user": "Alejandro Machuca",
    "group": "A2",
    "final_score": 7.844276274509806,
    "seg_fault": true,
    "datetime": 1679326266632,
    "mapa_30": 8.9,
    "mapa_50": 8.62329411764706,
    "mapa_75": 6.009534705882354
  },
  "Juan Francisco Montilla_A2": {
    "user": "Juan Francisco Montilla",
    "group": "A2",
    "final_score": 5.018112065359478,
    "seg_fault": true,
    "datetime": 1679327947008,
    "mapa_30": 9.634597647058824,
    "mapa_50": 5.9450980392156865,
    "mapa_75": -0.5253594901960785
  }
}