{
  "Timur Sorokin_D2": {
    "user": "Timur Sorokin",
    "group": "D2",
    "final_score": 9.279343071895426,
    "seg_fault": false,
    "datetime": 1679476569444,
    "mapa_30": 10,
    "mapa_50": 9.163607843137255,
    "mapa_75": 8.67442137254902
  },
  "Ines Jimenez_D1": {
    "user": "Ines Jimenez",
    "group": "D1",
    "final_score": 0.49628169150326795,
    "seg_fault": false,
    "datetime": 1679323774195,
    "mapa_30": 0.31912840784313723,
    "mapa_50": 0.8265882352941177,
    "mapa_75": 0.343128431372549
  },
  "Alejandro Machuca_A2": {
    "user": "Alejandro Machuca",
    "group": "A2",
    "final_score": 9.36050526143791,
    "seg_fault": false,
    "datetime": 1679486277744,
    "mapa_30": 10,
    "mapa_50": 10,
    "mapa_75": 8.081515784313726
  },
  "Juan Francisco Montilla_A2": {
    "user": "Juan Francisco Montilla",
    "group": "A2",
    "final_score": 8.669693921568628,
    "seg_fault": false,
    "datetime": 1679479889263,
    "mapa_30": 10,
    "mapa_50": 9.614117647058823,
    "mapa_75": 6.394964117647059
  },
  "Tutorial_A1": {
    "user": "Tutorial",
    "group": "A1",
    "final_score": -0.08525780718954248,
    "seg_fault": true,
    "datetime": 1679328571994,
    "mapa_30": -0.23058823529411768,
    "mapa_50": 0.8182745098039218,
    "mapa_75": -0.8434596960784315
  },
  "Juanma Segura_D2": {
    "user": "Juanma Segura",
    "group": "D2",
    "final_score": 5.745719692810456,
    "seg_fault": true,
    "datetime": 1679442393687,
    "mapa_30": 8.70440094117647,
    "mapa_50": 8.73356862745098,
    "mapa_75": -0.2008104901960785
  },
  "Javier Sabio_A2": {
    "user": "Javier Sabio",
    "group": "A2",
    "final_score": 9.404909248366014,
    "seg_fault": false,
    "datetime": 1679476027848,
    "mapa_30": 10,
    "mapa_50": 10,
    "mapa_75": 8.214727745098038
  },
  "Guillermo Gomez_Z1": {
    "user": "Guillermo Gomez",
    "group": "Z1",
    "final_score": 2.4718749705882352,
    "seg_fault": false,
    "datetime": 1679333915077,
    "mapa_30": 5.511024313725491,
    "mapa_50": 1.1348235294117648,
    "mapa_75": 0.769777068627451
  },
  "Profes DG_Z1": {
    "user": "Profes DG",
    "group": "Z1",
    "final_score": 2.661044614379085,
    "seg_fault": true,
    "datetime": 1679336004171,
    "mapa_30": 3.870066196078431,
    "mapa_50": 4.562313725490196,
    "mapa_75": -0.44924607843137265
  },
  "A_A2": {
    "user": "A",
    "group": "A2",
    "final_score": 5.01306614379085,
    "seg_fault": true,
    "datetime": 1679337782021,
    "mapa_30": 5.6,
    "mapa_50": 5.6,
    "mapa_75": 3.8391984313725493
  },
  "Ignacio fortes_B1": {
    "user": "Ignacio fortes",
    "group": "B1",
    "final_score": 2.1163485588235296,
    "seg_fault": true,
    "datetime": 1679424229451,
    "mapa_30": 3.2387799215686273,
    "mapa_50": 3.8818823529411763,
    "mapa_75": -0.7716165980392158
  },
  "Ramon Liria_A1D": {
    "user": "Ramon Liria",
    "group": "A1D",
    "final_score": 4.016659453594771,
    "seg_fault": true,
    "datetime": 1679345167286,
    "mapa_30": 3.766927968627451,
    "mapa_50": 5.115294117647059,
    "mapa_75": 3.167756274509804
  },
  "Jaime Martinez_A1D": {
    "user": "Jaime Martinez",
    "group": "A1D",
    "final_score": 9.421819041394336,
    "seg_fault": false,
    "datetime": 1679485634291,
    "mapa_30": 10,
    "mapa_50": 10,
    "mapa_75": 8.265457124183007
  },
  "Adrian Jaen_A2D": {
    "user": "Adrian Jaen",
    "group": "A2D",
    "final_score": 8.45514565359477,
    "seg_fault": false,
    "datetime": 1679356338563,
    "mapa_30": 9.098039215686274,
    "mapa_50": 9.883294117647058,
    "mapa_75": 6.384103627450981
  },
  "Juan Acosta_C1": {
    "user": "Juan Acosta",
    "group": "C1",
    "final_score": 3.1739145620915026,
    "seg_fault": true,
    "datetime": 1679423605165,
    "mapa_30": 4.921743686274509,
    "mapa_50": 5.6,
    "mapa_75": -1
  },
  "RobinJr_C1": {
    "user": "RobinJr",
    "group": "C1",
    "final_score": 3.1279448104575165,
    "seg_fault": true,
    "datetime": 1679420963209,
    "mapa_30": 4.090805803921569,
    "mapa_50": 5.544470588235294,
    "mapa_75": -0.25144196078431363
  },
  "JESUS PEREIRA_C1": {
    "user": "JESUS PEREIRA",
    "group": "C1",
    "final_score": 0.1193145620915032,
    "seg_fault": true,
    "datetime": 1679388390923,
    "mapa_30": 0.3168630588235294,
    "mapa_50": 0.8745882352941176,
    "mapa_75": -0.8335076078431374
  },
  "Hugo Tejada_C1": {
    "user": "Hugo Tejada",
    "group": "C1",
    "final_score": -1,
    "seg_fault": true,
    "datetime": 1679388391044,
    "mapa_30": -1,
    "mapa_50": -1,
    "mapa_75": -1
  },
  "Antonio Hernandez_C1": {
    "user": "Antonio Hernandez",
    "group": "C1",
    "final_score": 6.066135065359478,
    "seg_fault": true,
    "datetime": 1679480961240,
    "mapa_30": 10,
    "mapa_50": 8.492549019607843,
    "mapa_75": -0.2941438235294119
  },
  "ElWilly_C1": {
    "user": "ElWilly",
    "group": "C1",
    "final_score": 0,
    "seg_fault": false,
    "datetime": 1679388415804,
    "mapa_30": 0,
    "mapa_50": 0,
    "mapa_75": 0
  },
  "Cristina Vilchez_C1": {
    "user": "Cristina Vilchez",
    "group": "C1",
    "final_score": 0,
    "seg_fault": false,
    "datetime": 1679388435874,
    "mapa_30": 0,
    "mapa_50": 0,
    "mapa_75": 0
  },
  "Cecilia Caraballo_C1": {
    "user": "Cecilia Caraballo",
    "group": "C1",
    "final_score": 0,
    "seg_fault": false,
    "datetime": 1679388446401,
    "mapa_30": 0,
    "mapa_50": 0,
    "mapa_75": 0
  },
  "Antonio Fernandez_C1": {
    "user": "Antonio Fernandez",
    "group": "C1",
    "final_score": 0.3033436895424836,
    "seg_fault": true,
    "datetime": 1679484065373,
    "mapa_30": 0.858431843137255,
    "mapa_50": 0.6221176470588233,
    "mapa_75": -0.5705184215686275
  },
  "Carmenchu_C1": {
    "user": "Carmenchu",
    "group": "C1",
    "final_score": 0.1484836252287582,
    "seg_fault": false,
    "datetime": 1679401322121,
    "mapa_30": 0.036949881568627455,
    "mapa_50": 0.23274509803921567,
    "mapa_75": 0.17575589607843137
  },
  "Willy_C1": {
    "user": "Willy",
    "group": "C1",
    "final_score": 0,
    "seg_fault": false,
    "datetime": 1679388695329,
    "mapa_30": 0,
    "mapa_50": 0,
    "mapa_75": 0
  },
  "Kaito_C1": {
    "user": "Kaito",
    "group": "C1",
    "final_score": 3.071960875816994,
    "seg_fault": true,
    "datetime": 1679485539858,
    "mapa_30": 5.037298823529412,
    "mapa_50": 4.8678823529411765,
    "mapa_75": -0.6892985490196079
  },
  "Ignacio Escalona Blanca_C1": {
    "user": "Ignacio Escalona Blanca",
    "group": "C1",
    "final_score": 0,
    "seg_fault": false,
    "datetime": 1679388876853,
    "mapa_30": 0,
    "mapa_50": 0,
    "mapa_75": 0
  },
  "Eduardo Lupion_C1": {
    "user": "Eduardo Lupion",
    "group": "C1",
    "final_score": 0,
    "seg_fault": false,
    "datetime": 1679392118715,
    "mapa_30": 0,
    "mapa_50": 0,
    "mapa_75": 0
  },
  "Manuel Martinez_B3": {
    "user": "Manuel Martinez",
    "group": "B3",
    "final_score": 2.4217937777777774,
    "seg_fault": true,
    "datetime": 1679392571178,
    "mapa_30": 3.057342117647059,
    "mapa_50": 5.208039215686274,
    "mapa_75": -1
  },
  "Gonzalo Alganza_B3": {
    "user": "Gonzalo Alganza",
    "group": "B3",
    "final_score": 0.005185196078431299,
    "seg_fault": true,
    "datetime": 1679392950619,
    "mapa_30": 0.09999999999999998,
    "mapa_50": 0.09999999999999998,
    "mapa_75": -0.18444441176470605
  },
  "Haowei Hu_D1": {
    "user": "Haowei Hu",
    "group": "D1",
    "final_score": 0.559532279738562,
    "seg_fault": true,
    "datetime": 1679393778934,
    "mapa_30": 0.9850107607843135,
    "mapa_50": 1.0494117647058823,
    "mapa_75": -0.3558256862745099
  },
  "erPiedra_A1": {
    "user": "erPiedra",
    "group": "A1",
    "final_score": 5.0520703,
    "seg_fault": false,
    "datetime": 1679431104247,
    "mapa_30": 5.370284282352941,
    "mapa_50": 5.673647058823529,