{
  "Guillermo Gomez_A1": {
    "user": "Guillermo Gomez",
    "group": "A1",
    "final_score": 1.90867968627451,
    "seg_fault": true,
    "datetime": 1679310964945,
    "mapa_30": 4.546797882352942,
    "mapa_50": 0.6830588235294117,
    "mapa_75": 0.4961823529411764
  }
}