{
  "Guillermo Gomez_A1": {
    "user": "Guillermo Gomez",
    "group": "A2",
    "final_score": 1.90867968627451,
    "seg_fault": true,
    "datetime": 1679310964945,
    "mapa_30": 4.546797882352942,
    "mapa_50": 0.6830588235294117,
    "mapa_75": 0.4961823529411764
  },
  "Otro Nombre_A2": {
    "user": "Otro Nombre",
    "group": "A2",
    "final_score": 2.4718749705882352,
    "seg_fault": false,
    "datetime": 1679317736251,
    "mapa_30": 5.511024313725491,
    "mapa_50": 1.1348235294117648,
    "mapa_75": 0.769777068627451
  },
  "Tercer Nombre_A1": {
    "user": "Tercer Nombre",
    "group": "A1",
    "final_score": 2.4718749705882352,
    "seg_fault": false,
    "datetime": 1679319662535,
    "mapa_30": 5.511024313725491,
    "mapa_50": 1.1348235294117648,
    "mapa_75": 0.769777068627451
  }
}