{
  "Timur Sorokin_D2": {
    "user": "Timur Sorokin",
    "group": "D2",
    "final_score": 8.100421176470588,
    "seg_fault": false,
    "datetime": 1679358879904,
    "mapa_30": 10,
    "mapa_50": 8.83921568627451,
    "mapa_75": 5.462047843137254
  },
  "Ines Jimenez_D1": {
    "user": "Ines Jimenez",
    "group": "D1",
    "final_score": 0.49628169150326795,
    "seg_fault": false,
    "datetime": 1679323774195,
    "mapa_30": 0.31912840784313723,
    "mapa_50": 0.8265882352941177,
    "mapa_75": 0.343128431372549
  },
  "Alejandro Machuca_A2": {
    "user": "Alejandro Machuca",
    "group": "A2",
    "final_score": 9.082817843137255,
    "seg_fault": false,
    "datetime": 1679336241155,
    "mapa_30": 10,
    "mapa_50": 10,
    "mapa_75": 7.248453529411764
  },
  "Juan Francisco Montilla_A2": {
    "user": "Juan Francisco Montilla",
    "group": "A2",
    "final_score": 7.586835758823529,
    "seg_fault": false,
    "datetime": 1679340384358,
    "mapa_30": 9.660828392156864,
    "mapa_50": 8.959058823529412,
    "mapa_75": 4.140620060784313
  },
  "Tutorial_A1": {
    "user": "Tutorial",
    "group": "A1",
    "final_score": -0.08525780718954248,
    "seg_fault": true,
    "datetime": 1679328571994,
    "mapa_30": -0.23058823529411768,
    "mapa_50": 0.8182745098039218,
    "mapa_75": -0.8434596960784315
  },
  "Juanma Segura_D2": {
    "user": "Juanma Segura",
    "group": "D2",
    "final_score": 3.315668849673202,
    "seg_fault": true,
    "datetime": 1679332962465,
    "mapa_30": 4.943965176470588,
    "mapa_50": 5.339294117647058,
    "mapa_75": -0.3362527450980393
  },
  "Javier Sabio_A2": {
    "user": "Javier Sabio",
    "group": "A2",
    "final_score": 5.02789248366013,
    "seg_fault": true,
    "datetime": 1679338068592,
    "mapa_30": 5.6,
    "mapa_50": 5.488470588235294,
    "mapa_75": 3.9952068627450985
  },
  "Guillermo Gomez_Z1": {
    "user": "Guillermo Gomez",
    "group": "Z1",
    "final_score": 2.4718749705882352,
    "seg_fault": false,
    "datetime": 1679333915077,
    "mapa_30": 5.511024313725491,
    "mapa_50": 1.1348235294117648,
    "mapa_75": 0.769777068627451
  },
  "Profes DG_Z1": {
    "user": "Profes DG",
    "group": "Z1",
    "final_score": 2.661044614379085,
    "seg_fault": true,
    "datetime": 1679336004171,
    "mapa_30": 3.870066196078431,
    "mapa_50": 4.562313725490196,
    "mapa_75": -0.44924607843137265
  },
  "A_A2": {
    "user": "A",
    "group": "A2",
    "final_score": 5.01306614379085,
    "seg_fault": true,
    "datetime": 1679337782021,
    "mapa_30": 5.6,
    "mapa_50": 5.6,
    "mapa_75": 3.8391984313725493
  },
  "Ignacio fortes_B1": {
    "user": "Ignacio fortes",
    "group": "B1",
    "final_score": 2.4919493071895427,
    "seg_fault": true,
    "datetime": 1679339231593,
    "mapa_30": 3.2691942745098044,
    "mapa_50": 4.581058823529411,
    "mapa_75": -0.3744051764705883
  },
  "Ramon Liria_A1D": {
    "user": "Ramon Liria",
    "group": "A1D",
    "final_score": 4.016659453594771,
    "seg_fault": true,
    "datetime": 1679345167286,
    "mapa_30": 3.766927968627451,
    "mapa_50": 5.115294117647059,
    "mapa_75": 3.167756274509804
  },
  "Jaime Martinez_A1D": {
    "user": "Jaime Martinez",
    "group": "A1D",
    "final_score": 6.525969575163399,
    "seg_fault": true,
    "datetime": 1679355719192,
    "mapa_30": 9.816034901960784,
    "mapa_50": 10,
    "mapa_75": -0.23812617647058826
  },
  "Adrian Jaen_A2D": {
    "user": "Adrian Jaen",
    "group": "A2D",
    "final_score": 8.45514565359477,
    "seg_fault": false,
    "datetime": 1679356338563,
    "mapa_30": 9.098039215686274,
    "mapa_50": 9.883294117647058,
    "mapa_75": 6.384103627450981
  }
}