{
  "Timur Sorokin_D2": {
    "user": "Timur Sorokin",
    "group": "D2",
    "final_score": 1.7383790209150323,
    "seg_fault": true,
    "datetime": 1679324099901,
    "mapa_30": 2.9708057882352934,
    "mapa_50": 2.928313725490196,
    "mapa_75": -0.6839824509803922
  },
  "Ines Jimenez_D1": {
    "user": "Ines Jimenez",
    "group": "D1",
    "final_score": 0.49628169150326795,
    "seg_fault": false,
    "datetime": 1679323774195,
    "mapa_30": 0.31912840784313723,
    "mapa_50": 0.8265882352941177,
    "mapa_75": 0.343128431372549
  },
  "Alejandro Machuca_A2": {
    "user": "Alejandro Machuca",
    "group": "A2",
    "final_score": 5.493836091503268,
    "seg_fault": true,
    "datetime": 1679324880047,
    "mapa_30": 8.724314352941176,
    "mapa_50": 8.06486274509804,
    "mapa_75": -0.3076688235294119
  }
}