{
  "Timur Sorokin_D2": {
    "user": "Timur Sorokin",
    "group": "D2",
    "final_score": 2.0843747078431374,
    "seg_fault": true,
    "datetime": 1679328500714,
    "mapa_30": 3.4545532705882356,
    "mapa_50": 3.558509803921569,
    "mapa_75": -0.7599389509803922
  },
  "Ines Jimenez_D1": {
    "user": "Ines Jimenez",
    "group": "D1",
    "final_score": 0.49628169150326795,
    "seg_fault": false,
    "datetime": 1679323774195,
    "mapa_30": 0.31912840784313723,
    "mapa_50": 0.8265882352941177,
    "mapa_75": 0.343128431372549
  },
  "Alejandro Machuca_A2": {
    "user": "Alejandro Machuca",
    "group": "A2",
    "final_score": 8.587491960784314,
    "seg_fault": false,
    "datetime": 1679328557264,
    "mapa_30": 10,
    "mapa_50": 9.72329411764706,
    "mapa_75": 6.039181764705883
  },
  "Juan Francisco Montilla_A2": {
    "user": "Juan Francisco Montilla",
    "group": "A2",
    "final_score": 5.018112065359478,
    "seg_fault": true,
    "datetime": 1679328239068,
    "mapa_30": 9.634597647058824,
    "mapa_50": 5.9450980392156865,
    "mapa_75": -0.5253594901960785
  }
}