{
  "Timur Sorokin_D2": {
    "user": "Timur Sorokin",
    "group": "D2",
    "final_score": 9.279343071895426,
    "seg_fault": false,
    "datetime": 1679476569444,
    "mapa_30": 10,
    "mapa_50": 9.163607843137255,
    "mapa_75": 8.67442137254902
  },
  "Ines Jimenez_D1": {
    "user": "Ines Jimenez",
    "group": "D1",
    "final_score": 0.49628169150326795,
    "seg_fault": false,
    "datetime": 1679323774195,
    "mapa_30": 0.31912840784313723,
    "mapa_50": 0.8265882352941177,
    "mapa_75": 0.343128431372549
  },
  "Alejandro Machuca_A2": {
    "user": "Alejandro Machuca",
    "group": "A2",
    "final_score": 9.36050526143791,
    "seg_fault": false,
    "datetime": 1679507020861,
    "mapa_30": 10,
    "mapa_50": 10,
    "mapa_75": 8.081515784313726
  },
  "Juan Francisco Montilla_A2": {
    "user": "Juan Francisco Montilla",
    "group": "A2",
    "final_score": 9.276473562091503,
    "seg_fault": false,
    "datetime": 1679516026517,
    "mapa_30": 10,
    "mapa_50": 9.685176470588235,
    "mapa_75": 8.144244215686275
  },
  "Tutorial_A1": {
    "user": "Tutorial",
    "group": "A1",
    "final_score": -0.08525780718954248,
    "seg_fault": true,
    "datetime": 1679328571994,
    "mapa_30": -0.23058823529411768,
    "mapa_50": 0.8182745098039218,
    "mapa_75": -0.8434596960784315
  },
  "Juanma Segura_D2": {
    "user": "Juanma Segura",
    "group": "D2",
    "final_score": 8.821271124183006,
    "seg_fault": false,
    "datetime": 1679526573475,
    "mapa_30": 9.961307294117647,
    "mapa_50": 9.693372549019609,
    "mapa_75": 6.809133529411765
  },
  "Javier Sabio_A2": {
    "user": "Javier Sabio",
    "group": "A2",
    "final_score": 9.404909248366014,
    "seg_fault": false,
    "datetime": 1679494183046,
    "mapa_30": 10,
    "mapa_50": 10,
    "mapa_75": 8.214727745098038
  },
  "Guillermo Gomez_Z1": {
    "user": "Guillermo Gomez",
    "group": "Z1",
    "final_score": 2.4718749705882352,
    "seg_fault": false,
    "datetime": 1679333915077,
    "mapa_30": 5.511024313725491,
    "mapa_50": 1.1348235294117648,
    "mapa_75": 0.769777068627451
  },
  "Profes DG_Z1": {
    "user": "Profes DG",
    "group": "Z1",
    "final_score": 2.661044614379085,
    "seg_fault": true,
    "datetime": 1679336004171,
    "mapa_30": 3.870066196078431,
    "mapa_50": 4.562313725490196,
    "mapa_75": -0.44924607843137265
  },
  "A_A2": {
    "user": "A",
    "group": "A2",
    "final_score": 5.01306614379085,
    "seg_fault": true,
    "datetime": 1679337782021,
    "mapa_30": 5.6,
    "mapa_50": 5.6,
    "mapa_75": 3.8391984313725493
  },
  "Ignacio fortes_B1": {
    "user": "Ignacio fortes",
    "group": "B1",
    "final_score": 5.598015934640523,
    "seg_fault": true,
    "datetime": 1679512296488,
    "mapa_30": 7.735947607843138,
    "mapa_50": 9.78070588235294,
    "mapa_75": -0.7226056862745098
  },
  "Ramon Liria_A1D": {
    "user": "Ramon Liria",
    "group": "A1D",
    "final_score": 6.281890033986928,
    "seg_fault": false,
    "datetime": 1679575680325,
    "mapa_30": 9.638431552941176,
    "mapa_50": 5.944039215686274,
    "mapa_75": 3.263199333333333
  },
  "Jaime Martinez_A1D": {
    "user": "Jaime Martinez",
    "group": "A1D",
    "final_score": 9.481283954248365,
    "seg_fault": false,
    "datetime": 1679574528712,
    "mapa_30": 10,
    "mapa_50": 10,
    "mapa_75": 8.443851862745097
  },
  "Adrian Jaen_A2D": {
    "user": "Adrian Jaen",
    "group": "A2D",
    "final_score": 8.45514565359477,
    "seg_fault": false,
    "datetime": 1679356338563,
    "mapa_30": 9.098039215686274,
    "mapa_50": 9.883294117647058,
    "mapa_75": 6.384103627450981
  },
  "Juan Acosta_C1": {
    "user": "Juan Acosta",
    "group": "C1",
    "final_score": 4.091378366013072,
    "seg_fault": true,
    "datetime": 1679570850338,
    "mapa_30": 2.3000000000000003,
    "mapa_50": 9.994745098039216,
    "mapa_75": -0.020610000000000128
  },
  "RobinJr_C1": {
    "user": "RobinJr",
    "group": "C1",
    "final_score": 3.484610078431372,
    "seg_fault": true,
    "datetime": 1679508711695,
    "mapa_30": 5.074597098039215,
    "mapa_50": 5.597803921568627,
    "mapa_75": -0.2185707843137255
  },
  "JESUS PEREIRA_C1": {
    "user": "JESUS PEREIRA",
    "group": "C1",
    "final_score": 0.1193145620915032,
    "seg_fault": true,
    "datetime": 1679388390923,
    "mapa_30": 0.3168630588235294,
    "mapa_50": 0.8745882352941176,
    "mapa_75": -0.8335076078431374
  },
  "Hugo Tejada_C1": {
    "user": "Hugo Tejada",
    "group": "C1",
    "final_score": 3.314220522875817,
    "seg_fault": true,
    "datetime": 1679570881487,
    "mapa_30": 3.7588666666666666,
    "mapa_50": 4.956431372549019,
    "mapa_75": 1.2273635294117646
  },
  "Antonio Hernandez_C1": {
    "user": "Antonio Hernandez",
    "group": "C1",
    "final_score": 6.066135065359478,
    "seg_fault": true,
    "datetime": 1679563425765,
    "mapa_30": 10,
    "mapa_50": 8.492549019607843,
    "mapa_75": -0.2941438235294119
  },
  "ElWilly_C1": {
    "user": "ElWilly",
    "group": "C1",
    "final_score": 0,
    "seg_fault": false,
    "datetime": 1679388415804,
    "mapa_30": 0,
    "mapa_50": 0,
    "mapa_75": 0
  },
  "Cristina Vilchez_C1": {
    "user": "Cristina Vilchez",
    "group": "C1",
    "final_score": 0,
    "seg_fault": false,
    "datetime": 1679388435874,
    "mapa_30": 0,
    "mapa_50": 0,
    "mapa_75": 0
  },
  "Cecilia Caraballo_C1": {
    "user": "Cecilia Caraballo",
    "group": "C1",
    "final_score": 0,
    "seg_fault": false,
    "datetime": 1679388446401,
    "mapa_30": 0,
    "mapa_50": 0,
    "mapa_75": 0
  },
  "Antonio Fernandez_C1": {
    "user": "Antonio Fernandez",
    "group": "C1",
    "final_score": 2.1176005751633986,
    "seg_fault": true,
    "datetime": 1679573328492,
    "mapa_30": 2.3000000000000003,
    "mapa_50": 4.656,
    "mapa_75": -0.603198274509804
  },
  "Carmenchu_C1": {
    "user": "Carmenchu",
    "group": "C1",
    "final_score": 0.1484836252287582,
    "seg_fault": false,
    "datetime": 1679401322121,
    "mapa_30": 0.036949881568627455,
    "mapa_50": 0.23274509803921567,
    "mapa_75": 0.17575589607843137
  },
  "Willy_C1": {
    "user": "Willy",
    "group": "C1",
    "final_score": 0,
    "seg_fault": false,
    "datetime": 1679388695329,
    "mapa_30": 0,
    "mapa_50": 0,
    "mapa_75": 0
  },
  "Kaito_C1": {
    "user": "Kaito",
    "group": "C1",
    "final_score": 2.883637973856209,
    "seg_fault": true,
    "datetime": 1679574327909,
    "mapa_30": 4.566447764705883,
    "mapa_50": 4.8678823529411765,
    "mapa_75": -0.7834161960784315
  },
  "Ignacio Escalona Blanca_C1": {
    "user": "Ignacio Escalona Blanca",
    "group": "C1",
    "final_score": 0,
    "seg_fault": false,
    "datetime": 1679388876853,
    "mapa_30": 0,
    "mapa_50": 0,
    "mapa_75": 0
  },
  "Eduardo Lupion_C1": {
    "user": "Eduardo Lupion",
    "group": "C1",
    "final_score": 0,
    "seg_fault": false,
    "datetime": 1679392118715,
    "mapa_30": 0,
    "mapa_50": 0,
    "mapa_75": 0
  },
  "Manuel Martinez_B3": {
    "user": "Manuel Martinez",
    "group": "B3",
    "final_score": 2.4217937777777774,
    "seg_fault": true,
    "datetime": 1679392571178,
    "mapa_30": 3.057342117647059,
    "mapa_50": 5.208039215686274,
    "mapa_75": -1
  },
  "Gonzalo Alganza_B3": {
    "user": "Gonzalo Alganza",
    "group": "B3",
    "final_score": 0.005185196078431299,
    "seg_fault": true,
    "datetime": 1679392950619,
    "mapa_30": 0.09999999999999998,
    "mapa_50": 0.09999999999999998,
    "mapa_75": -0.18444441176470605
  },
  "Haowei Hu_D1": {
    "user": "Haowei Hu",
    "group": "D1",
    "final_score": 0.9750269281045751,
    "seg_fault": true,
    "datetime": 1679567761847,
    "mapa_30": 0.8,
    "mapa_50": 2.5618823529411765,
    "mapa_75": -0.436801568627451
  },
  "erPiedra_A1": {
    "user": "erPiedra",
    "group": "A1",
    "final_score": 6.726949128104575,
    "seg_fault": false,
    "datetime": 1679509294391,